1,Xaviera,Cridlan,xcridlan0@1und1.de,vkDY4TT
2,Base,Keable,bkeable1@google.de,KJyXEfNL
3,Norry,Lourens,nlourens2@163.com,yrnmp1iED
4,Sonya,Morrall,smorrall3@bloomberg.com,OFqkMOVRL
5,Austin,MacAllan,amacallan4@theatlantic.com,yWXcfFYzy
6,Francyne,Skrine,fskrine5@stumbleupon.com,h84xDV
7,Reena,Mundell,rmundell6@istockphoto.com,MNXssWd
8,Isiahi,Haynesford,ihaynesford7@wunderground.com,6m636h
9,Ilka,D'Arrigo,idarrigo8@usatoday.com,eACSMUkk
10,Laurence,Pegden,lpegden9@unblog.fr,2qIpZsM
11,Lorena,MacKellar,lmackellara@gov.uk,V0eNjJ
12,Filmore,Seifenmacher,fseifenmacherb@forbes.com,LZSE68
13,August,Karolowski,akarolowskic@chronoengine.com,CvKbcLgscUc
14,Trina,Fabri,tfabrid@prnewswire.com,12G3C3m7leL
15,Antonetta,Rozzell,arozzelle@spotify.com,d4u9VvG8
16,Henry,Everitt,heverittf@blogspot.com,4TyKjFo
17,Mischa,Ivel,mivelg@lycos.com,UD2hFu2
18,Leif,Martins,lmartinsh@patch.com,jlQsHska
19,Thornie,Kalker,tkalkeri@usgs.gov,VMZvtPQ1mLWO
20,Alyss,Devonshire,adevonshirej@baidu.com,oiCMP5
21,Gerick,Corps,gcorpsk@jimdo.com,HU8FSPKNs4e
22,Rosamond,Wyborn,rwybornl@ameblo.jp,whhA1r
23,Jerald,Ville,jvillem@japanpost.jp,5c5zOU000Il
24,Malchy,Arrundale,marrundalen@answers.com,GSVR60ZJbj
25,Hart,Klimsch,hklimscho@unc.edu,p0Z7gUEDw
26,Ban,Jeffress,bjeffressp@apple.com,lKIAjX
27,Aprilette,Smartman,asmartmanq@timesonline.co.uk,YttS3gb
28,Kaitlynn,Biasotti,kbiasottir@privacy.gov.au,BhOaZY28J
29,Bessie,Vasiljevic,bvasiljevics@deliciousdays.com,FDCKNNkP
30,Arman,Strephan,astrephant@taobao.com,52MH6Wvx
31,Madlin,Cansdall,mcansdallu@shutterfly.com,yHhu9UEzbz
32,Rog,Tabart,rtabartv@whitehouse.gov,6nSLCXxj
33,Timmy,Slimmon,tslimmonw@npr.org,lALRA44YOLQR
34,Micky,Applebee,mapplebeex@marriott.com,D4JXJ7vpK
35,Alison,Cholmondeley,acholmondeleyy@tiny.cc,WZY1N6r
36,Kliment,Chiechio,kchiechioz@google.pl,wMTD2gRjTO
37,Joseito,Dunstall,jdunstall10@google.co.jp,dDboPcMaE
38,Mattheus,Duding,mduding11@example.com,LrJ0xlRCq
39,Delores,Scarsbrick,dscarsbrick12@purevolume.com,j780gsZumj1M
40,Blancha,Howard,bhoward13@mapy.cz,X70Iq6NJj
41,Pandora,Tiler,ptiler14@fotki.com,jfKWXk9xSMw
42,Florence,Swinyard,fswinyard15@wp.com,58K0npMXc0
43,Andrej,Peto,apeto16@skype.com,nPL1E5BSAF
44,Klara,Lygo,klygo17@ftc.gov,yeQ0H07
45,Daisie,Grinov,dgrinov18@spotify.com,v8DROWcSzKT
46,Flora,De Coursey,fdecoursey19@delicious.com,WuusCoW
47,Kira,Liddard,kliddard1a@loc.gov,hIMsOAV
48,Christal,Hinz,chinz1b@about.com,f2BmrSDk
49,Saba,Schreiner,sschreiner1c@unicef.org,8h0YBnq5stu2
50,Nanice,Dinneges,ndinneges1d@so-net.ne.jp,5V0vBP7g
51,Sebastian,Dalyiel,sdalyiel1e@statcounter.com,3bBBuOF
52,Florri,Guidotti,fguidotti1f@wikipedia.org,sAQNMJobL6wq
53,Stevana,Antonowicz,santonowicz1g@bloglines.com,4zDcxT
54,Thorndike,Carwardine,tcarwardine1h@foxnews.com,RMSpBgeg
55,Nolan,Triner,ntriner1i@yellowpages.com,OmgY5GyDC
56,Nike,Bythell,nbythell1j@wordpress.com,jLZ8AE3XwU
57,Corbet,Ebbrell,cebbrell1k@answers.com,M2kxV1vv
58,Kendre,Simoneton,ksimoneton1l@ft.com,YJwqaA
59,Chicky,Bortoloni,cbortoloni1m@infoseek.co.jp,v06LMAE
60,Chic,Blannin,cblannin1n@youtube.com,6NpJWW
61,Bryce,Bonn,bbonn1o@shareasale.com,8Jc6D4ghxC
62,Auberon,Undrell,aundrell1p@cornell.edu,M0YBkiTWoIJ
63,Audra,Gethins,agethins1q@google.com.hk,2mv8sx5Sk57I
64,Avrom,Steggles,asteggles1r@webs.com,XIge1ZpDb80f
65,Cordie,Cahill,ccahill1s@over-blog.com,rbCBujGY
66,Dorette,Lefort,dlefort1t@bluehost.com,tbGkaZ
67,Moreen,Rickerd,mrickerd1u@soundcloud.com,wiK5GsVO
68,Midge,Dalwood,mdalwood1v@fema.gov,83dMMgAubGn
69,Hesther,Glasson,hglasson1w@unblog.fr,tJusUx
70,Delcine,Milch,dmilch1x@1und1.de,qOYvYjF
71,Wendall,Paty,wpaty1y@guardian.co.uk,Kq8ZNgVmoGIE
72,Caron,Martlew,cmartlew1z@scientificamerican.com,Rwku0AF6BKeO
73,Ellette,Gruby,egruby20@hugedomains.com,J9RC4y
74,Belinda,Vacher,bvacher21@nymag.com,p8AGoEw
75,Jeniffer,Dillintone,jdillintone22@simplemachines.org,evI8Uleesu
76,Alicea,Jest,ajest23@sun.com,q2auokwa
77,Haydon,Godfray,hgodfray24@jimdo.com,Rxw3Ye4
78,Sherri,Allom,sallom25@sciencedaily.com,leilUQ8NI0i
79,Palmer,Fraanchyonok,pfraanchyonok26@pcworld.com,lgj1De
80,Carline,Elener,celener27@geocities.jp,BSSSCwUFa
81,Chrysler,Goodspeed,cgoodspeed28@loc.gov,u2SjS3P
82,Tabitha,Fines,tfines29@stanford.edu,qsLrIZr
83,Bessie,Garth,bgarth2a@about.com,5AgdFXqDCmIY
84,Woody,Valentin,wvalentin2b@godaddy.com,nT3DznI0HNZ8
85,Kurt,Killich,kkillich2c@bbc.co.uk,s029CZ
86,Cynde,Shevelin,cshevelin2d@kickstarter.com,btQmOmL
87,Kala,Mechan,kmechan2e@uiuc.edu,BzKHyKoze
88,Mariska,Lafranconi,mlafranconi2f@canalblog.com,yGs3HATMI
89,Ewen,Flowerdew,eflowerdew2g@cbslocal.com,pq2694e
90,Leeanne,Plaid,lplaid2h@sakura.ne.jp,sRJ4u2di0yj
91,Lionello,McNair,lmcnair2i@netscape.com,YAXvsSMjd
92,Anstice,Pimmocke,apimmocke2j@mapy.cz,rbQqmpw4GA
93,Dom,Roome,droome2k@geocities.com,fXpbaW
94,Darby,Claypole,dclaypole2l@fc2.com,fh7OXHC
95,Willamina,Beardsell,wbeardsell2m@myspace.com,PZ7NXA0zhYZ
96,Orran,Josskoviz,ojosskoviz2n@flavors.me,gdFEpn
97,Dulcia,Royste,droyste2o@biblegateway.com,1jTYMR7
98,Monika,Wybourne,mwybourne2p@vimeo.com,Pbm192uTqQQS
99,Ansley,Bliss,abliss2q@live.com,qTsjNJ
100,Papagena,Goodboddy,pgoodboddy2r@linkedin.com,JOAGgfH6itEg
101,Gilbertina,Brunet,gbrunet2s@ocn.ne.jp,zMD9YIjv5GV
102,Raynell,Sertin,rsertin2t@is.gd,cxl1Jh
103,Darbee,Campion,dcampion2u@weather.com,yIQRHBwyBE
104,Pen,Vose,pvose2v@cnn.com,kJCtyZ0CSBc
105,Isiahi,Banger,ibanger2w@over-blog.com,bI37BeCw6
106,Fiona,Yanshonok,fyanshonok2x@intel.com,RaPBKBz
107,Ora,De Roberto,oderoberto2y@tumblr.com,PpVk7tlBRK2
108,Bengt,Ewer,bewer2z@yahoo.com,ihTCzY4
109,Melony,Rubberts,mrubberts30@rambler.ru,Y3rQiAVCbTw
110,Murry,Kelbie,mkelbie31@shutterfly.com,MmFzRa
111,Selie,Cino,scino32@goo.ne.jp,dg7Yf6
112,Nikolas,Dunsmuir,ndunsmuir33@ocn.ne.jp,wzra8d
113,Annamaria,Soitoux,asoitoux34@stumbleupon.com,UqJQN9
114,Winny,Linder,wlinder35@chronoengine.com,OUXUnBPUv
115,Flora,Mintrim,fmintrim36@linkedin.com,q3HhveTC
116,Gayle,Fucher,gfucher37@linkedin.com,jtM3lETngxDp
117,Fancy,Tomczykowski,ftomczykowski38@shutterfly.com,UG7xGPf0ki
118,Kiley,Roscamp,kroscamp39@privacy.gov.au,VkCMzrnPMH7
119,Jeana,Schruyers,jschruyers3a@quantcast.com,NFeSraQtwH
120,Margalo,Guildford,mguildford3b@xing.com,IzEoIZekv
121,Emmy,Aspinwall,easpinwall3c@hatena.ne.jp,QQnygA
122,Mirelle,Collie,mcollie3d@marriott.com,I3dFTK
123,Abdul,Stinson,astinson3e@amazon.co.uk,U2LqS5qpE
124,Viole,Cantillon,vcantillon3f@guardian.co.uk,XsfR4BWk
125,Tiertza,Maulden,tmaulden3g@slate.com,bveuwp
126,Gifford,Cawood,gcawood3h@vk.com,WKSW1y
127,Olvan,Thorburn,othorburn3i@patch.com,1tUuE7zA4
128,Ashlee,Flintiff,aflintiff3j@google.co.uk,kMusp5gSr4
129,Emmy,McGoldrick,emcgoldrick3k@gnu.org,AuIYutH
130,Louisa,Nisot,lnisot3l@microsoft.com,r97GYM0yt
131,Ellery,Elverston,eelverston3m@histats.com,ebcwNppbu
132,Lion,Pardal,lpardal3n@mysql.com,K7q2nm
133,Caleb,Fenkel,cfenkel3o@de.vu,fZVRZ1
134,Timmy,Balderston,tbalderston3p@smugmug.com,z8gvfWgNE
135,Cherri,Libbis,clibbis3q@statcounter.com,E2MQNI6ZhgnQ
136,Chadwick,Heimes,cheimes3r@shareasale.com,cWnntc9FP
137,Shay,Thalmann,sthalmann3s@prnewswire.com,SXoW1OZRLd
138,Elisabeth,Pryke,epryke3t@toplist.cz,6Y9gcOmU
139,Twyla,Colbourne,tcolbourne3u@flickr.com,o5KmDwG
140,Phil,Allingham,pallingham3v@nps.gov,bNxJzVDxTmNR
141,Bobbee,Goghin,bgoghin3w@dailymail.co.uk,zDeJKm7a1sX
142,Natasha,Myall,nmyall3x@google.ru,KvBYz7a9u
143,Arline,Muzzillo,amuzzillo3y@wired.com,REI7RUhFDA
144,Jilleen,Callendar,jcallendar3z@jugem.jp,CP5JonR
145,Roxi,Litton,rlitton40@biglobe.ne.jp,vpK5TP
146,Mable,Lithgow,mlithgow41@sciencedirect.com,CRTFQt
147,Hope,Cranmor,hcranmor42@howstuffworks.com,EqSDKx
148,Elianora,Chiese,echiese43@surveymonkey.com,WVcm1dYW2i
149,Eadith,Prestige,eprestige44@miibeian.gov.cn,h3ewVDF
150,Hedy,Grunnill,hgrunnill45@alexa.com,yazuzmD4zO9
151,Pietro,Banke,pbanke46@w3.org,c0pTl9
152,Phillis,Klais,pklais47@lulu.com,H87cQgnYYwf
153,Siward,Langthorne,slangthorne48@seesaa.net,VHpSlZ27uPBg
154,Ozzy,Sitlinton,ositlinton49@creativecommons.org,Vp3DMGd0PU17
155,Fonz,Nise,fnise4a@java.com,1V2luK
156,Joleen,Murphy,jmurphy4b@accuweather.com,fp2py3
157,Ryun,Cavil,rcavil4c@imageshack.us,h6y6rjVcakU
158,Cindy,Whittleton,cwhittleton4d@google.co.uk,vX0lilQC
159,Aubree,Greathead,agreathead4e@wikimedia.org,fxn6S1
160,Ashil,Meachen,ameachen4f@photobucket.com,AEwctQ2q7BS
161,Dorena,Enrigo,denrigo4g@icq.com,0lexQed2ZIb
162,Carrol,Strong,cstrong4h@nasa.gov,GYu2lCxgDfy
163,Wandis,Spera,wspera4i@aol.com,xp8tBZq
164,Ruby,Minogue,rminogue4j@typepad.com,PP186UWT
165,Roz,Abbe,rabbe4k@xinhuanet.com,Umc6Z4a
166,Lishe,Areles,lareles4l@vk.com,9gcxR6dBKpu
167,Efren,Arundel,earundel4m@spiegel.de,TwVR94Hn
168,Dre,Heffy,dheffy4n@blog.com,MswpFk
169,Clywd,Cassar,ccassar4o@4shared.com,Q6zKB7nxt
170,Sly,Elfes,selfes4p@spotify.com,UAVKtwAq
171,Janine,Marchington,jmarchington4q@marriott.com,vhuEav1QqmQd
172,Sebastien,Theseira,stheseira4r@google.co.uk,EwtFNY05GR
173,Nicoline,Colleer,ncolleer4s@usa.gov,826nKfa2n2S
174,Vicky,Riccelli,vriccelli4t@craigslist.org,3rcs1G
175,Brittaney,Tebald,btebald4u@joomla.org,LpZbsXwxd
176,Linda,Jorczyk,ljorczyk4v@intel.com,PiSVwQtOG
177,Lani,Bryns,lbryns4w@netvibes.com,fP5WLdg9eQqa
178,Gabrielle,Gymlett,ggymlett4x@amazon.de,seebKqN
179,Bartram,Leyban,bleyban4y@oracle.com,FKITVSQ5
180,Kelly,Humbie,khumbie4z@amazon.co.uk,j7R0MSsh
181,Daile,Crouse,dcrouse50@bluehost.com,CYJhKSNef
182,Stephannie,Grishunin,sgrishunin51@addtoany.com,2wF0AjS4i
183,Kermie,Exon,kexon52@shutterfly.com,Ht8HtJ
184,Katrinka,Shurey,kshurey53@virginia.edu,o0Ik1518
185,Shayla,Everley,severley54@cnbc.com,m35DBMh3
186,Gage,Elan,gelan55@hugedomains.com,EQw93J723C
187,Hershel,Zipsell,hzipsell56@cocolog-nifty.com,nzQAbi
188,Eleanora,Knuckles,eknuckles57@infoseek.co.jp,Avi2o74CQD
189,Flore,Jedrachowicz,fjedrachowicz58@ucla.edu,001Fzsp6v
190,Orrin,Heinsh,oheinsh59@newsvine.com,dVoHcN2s
191,Ariela,Heninghem,aheninghem5a@friendfeed.com,RQXLkN7
192,Walliw,Weatherburn,wweatherburn5b@woothemes.com,JH8Ic4dtl
193,Weber,Everard,weverard5c@sohu.com,OH0Nban
194,Valerye,Bartram,vbartram5d@answers.com,qOplhu8
195,Erinn,McRuvie,emcruvie5e@google.cn,Y6KiC1RvEtb
196,Mead,Barnham,mbarnham5f@reuters.com,SxNPzRzp
197,Crystie,Piers,cpiers5g@joomla.org,TMKSRl3
198,Winfield,Zoanetti,wzoanetti5h@nyu.edu,LtumoLs7D8u
199,Anthia,Glanert,aglanert5i@cdbaby.com,BFIXnOfI
200,Percy,Kabsch,pkabsch5j@guardian.co.uk,yzEWiJ3xaS
201,Almire,Beardwood,abeardwood5k@comcast.net,KD0KJLEf0
202,Kain,Kops,kkops5l@ucla.edu,WFZAiYkY
203,Billy,Sayle,bsayle5m@psu.edu,ZMtUeNqLn6I
204,Karel,Bools,kbools5n@ucoz.ru,I44PIk8hFBx
205,Rudie,Denziloe,rdenziloe5o@51.la,AgyNDUMj
206,Claudina,Puttan,cputtan5p@hp.com,uQZaNx0Fw
207,Garvey,Rapper,grapper5q@com.com,njb0NXF
208,Keeley,Wozencraft,kwozencraft5r@homestead.com,YV92JwizayjN
209,Hervey,Halfhead,hhalfhead5s@bigcartel.com,3yqJGh3JQsZ
210,Aaron,Cridland,acridland5t@amazon.de,tEGgk1
211,Fraser,Benfell,fbenfell5u@statcounter.com,p7fIEblxcUH
212,Quintana,Bonde,qbonde5v@hatena.ne.jp,T6PqkM
213,Johnna,Kliche,jkliche5w@reference.com,saOTnHRqje7
214,Adoree,Nesbitt,anesbitt5x@jimdo.com,C6BlrSsa
215,Joanna,Segebrecht,jsegebrecht5y@wikispaces.com,UtLBRy2
216,Claudian,Cogley,ccogley5z@theglobeandmail.com,aOFxWLGt
217,Vernor,Saterweyte,vsaterweyte60@usda.gov,um2AMBI
218,Adora,Riccione,ariccione61@si.edu,grB6umHQsGK
219,Merilyn,Hallan,mhallan62@i2i.jp,gA71sIrsf
220,Maxie,Westnedge,mwestnedge63@drupal.org,uJs5A9Mtfn6
221,Rupert,Cortez,rcortez64@artisteer.com,GrcRkr
222,Bald,Kovalski,bkovalski65@webeden.co.uk,xpEUcS5bYOe
223,Staffard,Drakard,sdrakard66@sogou.com,t7EouAH
224,Nerta,Veeler,nveeler67@jalbum.net,74QdKq22oa
225,Katy,Pedwell,kpedwell68@people.com.cn,zoMoxba
226,Tracy,Enrich,tenrich69@ed.gov,o9hjD1S
227,Waldon,Petrie,wpetrie6a@youtu.be,0vwi08Q5
228,Aldis,Peck,apeck6b@technorati.com,ej1eJGvocq
229,Roseann,Stoodale,rstoodale6c@ow.ly,qTkkKHq
230,Hunt,Friend,hfriend6d@google.ru,nMcUGmD8Mno
231,Bibbie,Iacobetto,biacobetto6e@zdnet.com,VTIww0B
232,Gayler,O' Connell,goconnell6f@about.me,MlglNuwym
233,Richard,Aldcorn,raldcorn6g@liveinternet.ru,6twOqit
234,Gerhard,Bawcock,gbawcock6h@msu.edu,mbkuybgq
235,Valeria,Wagg,vwagg6i@independent.co.uk,FqwrOVXsJ
236,Constance,McCart,cmccart6j@jigsy.com,9rFa7QXQQJ
237,Bev,Brann,bbrann6k@nih.gov,pUTX2lrfiAsp
238,Agosto,Katte,akatte6l@linkedin.com,qQC64zj9DP5
239,Culley,Standering,cstandering6m@archive.org,CzSBoscr
240,Maud,Vanelli,mvanelli6n@buzzfeed.com,lXcG958fXKF
241,Rodolphe,Redon,rredon6o@woothemes.com,Obn8lkXiC
242,Ly,Denidge,ldenidge6p@blogs.com,oiN9tuutx70
243,Terry,Sang,tsang6q@fastcompany.com,4sVq0utZZPY
244,Averil,Lickorish,alickorish6r@sitemeter.com,BIlmkvQMpu
245,Harley,Hindsberg,hhindsberg6s@icq.com,0YmEIJEU
246,Hillier,Trask,htrask6t@cmu.edu,VsYTQqFNpNM7
247,Carmine,Langcastle,clangcastle6u@bluehost.com,LKbJRjn
248,Justis,Kondrat,jkondrat6v@hhs.gov,lt7ZYkQYxh2h
249,Zsazsa,Laviste,zlaviste6w@phpbb.com,0zJ4lyMyNG7i
250,Carola,Baynton,cbaynton6x@buzzfeed.com,4FBNzc7gOhM
251,Brunhilde,Thurborn,bthurborn6y@icq.com,vbgjniF6w8
252,Marlo,Meadus,mmeadus6z@shinystat.com,sKrohkw7w5tq
253,Chelsie,Bredes,cbredes70@time.com,robZjUS
254,Mae,Rosendorf,mrosendorf71@thetimes.co.uk,0ZFtC3rqeA
255,Loralee,Korejs,lkorejs72@rakuten.co.jp,vwxII8NUvAD
256,Hinze,Hearsey,hhearsey73@slashdot.org,jYAMvs
257,Lynde,Lowson,llowson74@independent.co.uk,5Iga4iZcY8
258,Ottilie,Urling,ourling75@mozilla.com,SET8lqkMd
259,Conchita,Hollyland,chollyland76@aol.com,zcCYQTQyyCs
260,Charmine,Chiechio,cchiechio77@cloudflare.com,tS7jzkOb
261,Sheffie,Brunsden,sbrunsden78@fda.gov,R44GWtxMJX
262,Lewie,Cassimer,lcassimer79@meetup.com,6aQzE9GwF
263,Philippe,Mc Gee,pmcgee7a@omniture.com,ERCzXcFR
264,Jordana,Allum,jallum7b@technorati.com,cuv5YCiIR9
265,Valry,Solway,vsolway7c@chronoengine.com,ZANfFCa0qa
266,Cherice,Collingdon,ccollingdon7d@bigcartel.com,Qewu4Yto
267,Duane,Ionesco,dionesco7e@joomla.org,U2jNSNsPuqqi
268,Aldrich,Furzey,afurzey7f@epa.gov,ELQ9ynnp
269,Sly,Caze,scaze7g@flickr.com,B3gPCejbKI
270,Reilly,Bramont,rbramont7h@freewebs.com,CMaVOhHTI
271,Erika,Rippon,erippon7i@amazon.co.uk,oMm2rS
272,Radcliffe,Lammerich,rlammerich7j@quantcast.com,NWE8b1QOWxeH
273,Garey,Yashunin,gyashunin7k@digg.com,b8CZ0dgAq
274,Andree,Guille,aguille7l@cbc.ca,3ITP2ocjHV2
275,Jed,Boat,jboat7m@ed.gov,sC1cirTChpa5
276,Blondell,Tatterton,btatterton7n@gnu.org,WJG713l4
277,Dave,McKinstry,dmckinstry7o@csmonitor.com,nTbeGg
278,Lila,Aggiss,laggiss7p@dropbox.com,eXCuTu
279,Daisie,Glenister,dglenister7q@salon.com,qBTJczw
280,Jania,Cleland,jcleland7r@illinois.edu,5v3swG
281,Bevin,Gershom,bgershom7s@prlog.org,2JVR1fy
282,Giffy,Edmons,gedmons7t@blogs.com,roakhY
283,Charmaine,Ketchen,cketchen7u@addthis.com,wRU8qPmmwZ1B
284,Amberly,Gimson,agimson7v@is.gd,uGUijZgdg
285,Else,Inwood,einwood7w@vistaprint.com,d106v5pV
286,Ferdinande,Lowers,flowers7x@sphinn.com,xS1ejuvBV4
287,Beverley,Stailey,bstailey7y@tuttocitta.it,gaFzI2qEHY
288,Lida,Le Barr,llebarr7z@elegantthemes.com,tsymFSDu7
289,Bunnie,Dyhouse,bdyhouse80@qq.com,X8fhTA
290,Rabi,Verrell,rverrell81@imgur.com,vSnOLQWy
291,Gates,Hauxley,ghauxley82@go.com,lhT7Vh1LYt
292,Marnia,Ringham,mringham83@europa.eu,FfpfFe
293,Marilin,Rustadge,mrustadge84@umich.edu,mqC0fE55tID
294,Lorry,Dudson,ldudson85@intel.com,ll38jL6WruD
295,Doralynne,Marchenko,dmarchenko86@google.com.au,nwTw6NgEHJG
296,Lee,Rawdales,lrawdales87@tamu.edu,078fJY
297,Zandra,Ewan,zewan88@woothemes.com,fAP41TDXY
298,Karry,Baden,kbaden89@networksolutions.com,GiLiw7X7TX
299,Lois,Wilcocks,lwilcocks8a@bbb.org,rIku3ftI
300,Kiley,Stockdale,kstockdale8b@google.com.au,ic1J0ZTlyub
301,Gloria,Parkey,gparkey8c@sun.com,P4pROmOpeZ
302,Mead,Bortol,mbortol8d@vinaora.com,49ti4athNW
303,Rodrique,Crosston,rcrosston8e@ycombinator.com,ROuYaPNnq
304,Kerby,Ashe,kashe8f@vistaprint.com,qQWYVW
305,Johnath,Marquot,jmarquot8g@boston.com,ipKcqSy34TG9
306,Rosalind,McEniry,rmceniry8h@state.tx.us,Y21kqQhVYAu
307,Monah,Bramsen,mbramsen8i@aol.com,4cEKE8NiBx9
308,Nerte,Sigsworth,nsigsworth8j@whitehouse.gov,EJcEOOiVo
309,Keefe,Schohier,kschohier8k@gizmodo.com,YYYzU9YkmK
310,Giraldo,Dargie,gdargie8l@over-blog.com,Me1LUI
311,Blanche,Gleed,bgleed8m@studiopress.com,FGihdDZidEL
312,Sephira,Ceaplen,sceaplen8n@omniture.com,93r2fKP2ys97
313,Nixie,Ablewhite,nablewhite8o@weebly.com,kh6tRAbWGM2Q
314,Opalina,Mallabar,omallabar8p@weebly.com,cPuJaPF
315,Nicolina,Rozenzweig,nrozenzweig8q@redcross.org,XgDgZ7hp
316,Leoine,Moulster,lmoulster8r@seattletimes.com,p5SoxxgNI
317,Lyndy,Dowson,ldowson8s@amazon.de,SKXj1huk3jow
318,Penny,Cardenosa,pcardenosa8t@forbes.com,3GBSs59Ppb
319,Fair,Heller,fheller8u@github.com,uQ1RJv4CEJU
320,Lucretia,Golsthorp,lgolsthorp8v@de.vu,tLBOMl9ZYM77
321,Neron,Stranio,nstranio8w@twitter.com,mnY51Pce
322,Lilith,Duran,lduran8x@amazon.co.jp,cRK63etbb
323,Ad,Spire,aspire8y@chicagotribune.com,oG7NwvqRc
324,Jenelle,Gristwood,jgristwood8z@tamu.edu,EIi6cf
325,Catherin,Rydings,crydings90@statcounter.com,wlWmtvobUUQn
326,Thaine,Staveley,tstaveley91@addthis.com,v6LD9IbWQyM
327,Constanta,Dellenbroker,cdellenbroker92@hibu.com,D2ipaC
328,Rene,Strathern,rstrathern93@netvibes.com,N3xxfbQPvR
329,Randee,Sabater,rsabater94@dedecms.com,qJ6vxvDS
330,Glynnis,Collinson,gcollinson95@lulu.com,jNj4Gmwo
331,Cher,Weddeburn - Scrimgeour,cweddeburnscrimgeour96@ca.gov,MTIRmvpm0
332,Ralf,Brownlie,rbrownlie97@ihg.com,J7OOJeW
333,Anya,Espadas,aespadas98@unesco.org,0eWOU7m6nZ
334,Milty,Lutton,mlutton99@ftc.gov,CFt9HOoc1
335,Abby,Blaxall,ablaxall9a@reuters.com,FarRRiiRmyc
336,Loutitia,MacVicar,lmacvicar9b@jimdo.com,q0rj9cGXxuY
337,Moe,Christofor,mchristofor9c@java.com,YzARmDZtf
338,Hervey,McClinton,hmcclinton9d@cam.ac.uk,XeJHGz
339,Rawley,Stoffels,rstoffels9e@europa.eu,ZLKxQiM
340,Ginelle,Polk,gpolk9f@soup.io,tyaik2FuS
341,Kariotta,Gobeaux,kgobeaux9g@harvard.edu,RzrwuHukWHu
342,Elsworth,Fruser,efruser9h@adobe.com,5DwZ98
343,Alaine,Wolledge,awolledge9i@reverbnation.com,jFzYN8W
344,Devon,Saiens,dsaiens9j@weebly.com,llRPRIXhyf
345,Saloma,Spavon,sspavon9k@soundcloud.com,DR0c3i
346,Faydra,Yielding,fyielding9l@stumbleupon.com,txNxig8Pbl
347,Celisse,Dix,cdix9m@amazon.co.jp,XoVJKqvGj
348,Phelia,Rash,prash9n@phoca.cz,PJHbWlg
349,Hewe,Macieiczyk,hmacieiczyk9o@qq.com,sDCZli
350,Spencer,Sanders,ssanders9p@yellowpages.com,Kif8FOeyL
351,Joanne,Copcutt,jcopcutt9q@comcast.net,dbMS7WW6CeXW
352,Beret,Baline,bbaline9r@google.com.hk,4Y7nLGTG48
353,Bel,McWhinnie,bmcwhinnie9s@wunderground.com,EeKhmQmeSHb
354,Mikkel,McLeary,mmcleary9t@stumbleupon.com,N4UMyIxY
355,Elnar,Cortez,ecortez9u@google.es,TLAz5wBJKu
356,Camel,Colston,ccolston9v@uiuc.edu,NInoLkGh
357,Winonah,Jansky,wjansky9w@cnn.com,YcvRJX1D
358,Barnie,Bamblett,bbamblett9x@fotki.com,0LE0SYHdw
359,Quintina,Merricks,qmerricks9y@foxnews.com,B6ngCr7
360,Betsy,Jerzykiewicz,bjerzykiewicz9z@cargocollective.com,N5eVTGRm5FRj
361,Hayyim,Bratton,hbrattona0@yelp.com,WyE311avmI3q
362,Philomena,Breed,pbreeda1@opera.com,blCZqocy
363,Frieda,Vella,fvellaa2@cbsnews.com,nJ0XuRfslr
364,Carissa,Marran,cmarrana3@oracle.com,gpjyLkfbJ
365,Kory,Dalgliesh,kdalgliesha4@ehow.com,5rmC5FF
366,Findlay,Worral,fworrala5@vistaprint.com,IMajNT7FVR
367,Marijn,Oglevie,mogleviea6@squarespace.com,xT2EbBsW
368,Kris,Brunet,kbruneta7@joomla.org,Fc9d0fMx
369,Sheeree,Wollaston,swollastona8@nifty.com,WDAOL0iZ1L
370,Darbee,Sydall,dsydalla9@slate.com,xMYLLBOl
371,Clive,Sirette,csiretteaa@house.gov,XdKdwlk
372,Wyn,Allport,wallportab@studiopress.com,2s5z0rFU
373,Oralle,Glason,oglasonac@zimbio.com,ZIOIbzWmJQue
374,Bennett,Whitcombe,bwhitcombead@paginegialle.it,K0e2LEeO
375,Alta,Craddock,acraddockae@ow.ly,YLzISoYf
376,Merilee,Redparth,mredparthaf@icq.com,34xJ1Y
377,Ted,Peet,tpeetag@1688.com,dVqyJJdqy3
378,Anselm,Worwood,aworwoodah@ifeng.com,ZLECo4SV
379,Niki,Howles,nhowlesai@amazon.co.uk,OqcnylXKZr
380,Joela,Tabert,jtabertaj@rediff.com,JEF8OqAcSdw
381,Filip,Kunc,fkuncak@wikimedia.org,08j8MCRRte
382,Waly,Iuorio,wiuorioal@rediff.com,4i1W2PzGx1rq
383,Hallie,Wevell,hwevellam@ameblo.jp,lbWAMhXy7l
384,Othello,Lidgertwood,olidgertwoodan@digg.com,3GdKKG6N8
385,Torre,Graben,tgrabenao@plala.or.jp,0lSLm3ibks
386,Alfie,Stollwerk,astollwerkap@technorati.com,ZU0WZD9syU1
387,Sayre,Gilderoy,sgilderoyaq@bandcamp.com,KfvMe8Dy4cN
388,Ertha,Davana,edavanaar@mayoclinic.com,Qo5JYGQoQu
389,Moll,Yersin,myersinas@newyorker.com,uyGR7oIy
390,Cortie,Hickisson,chickissonat@patch.com,On2QxK0GG
391,Ardene,Paulig,apauligau@ebay.com,fY5ukJAv
392,Rutledge,Mattingson,rmattingsonav@printfriendly.com,v5m3O6
393,Eyde,Guerrin,eguerrinaw@cisco.com,VJXO9T
394,Krista,Grastye,kgrastyeax@yellowpages.com,E6PcDekW
395,Austin,Lingard,alingarday@gravatar.com,oWIU90zLf
396,Tad,Duff,tduffaz@time.com,BZjluTEofhcm
397,Cookie,Karczinski,ckarczinskib0@ifeng.com,KciwZOSjVq
398,Sybila,D'eye,sdeyeb1@hexun.com,sm8btP58Y
399,Ameline,Curragh,acurraghb2@ameblo.jp,BSXHBHVqh
400,Arlyne,Gilliatt,agilliattb3@example.com,LQba6uDo1Nc
401,Byrom,Pizey,bpizeyb4@xing.com,R4lhJHrMmRPO
402,Ruben,Pearcey,rpearceyb5@4shared.com,HmpT2M
403,Lishe,Milan,lmilanb6@mayoclinic.com,g4KuAP
404,Dinah,Fortnon,dfortnonb7@fc2.com,hWOlotmV
405,Rozelle,Varsey,rvarseyb8@google.com.hk,hjp7S0
406,Kynthia,Block,kblockb9@themeforest.net,pIPRSmXJvzgN
407,Igor,Nesbitt,inesbittba@ca.gov,YlZf3o4
408,Orelee,Aughtie,oaughtiebb@ftc.gov,EETbAAFF4a
409,Michail,Oldfield,moldfieldbc@sakura.ne.jp,JcDt2M32
410,Trude,Jestico,tjesticobd@zdnet.com,1FV2KiBBJtj
411,Stewart,Boothman,sboothmanbe@newyorker.com,DHWScy0
412,Chelsey,Dincke,cdinckebf@barnesandnoble.com,XRcQEqwuBl
413,Hamilton,Khomin,hkhominbg@google.com.au,jK39R36U
414,Nils,Delahunt,ndelahuntbh@desdev.cn,8j0ZGvd
415,Harlan,Nilles,hnillesbi@sohu.com,XY6VBn
416,Alexina,Braiden,abraidenbj@people.com.cn,yaJfoyWF1
417,Horacio,Mc Menamin,hmcmenaminbk@cpanel.net,3UpKFR
418,Katya,Witts,kwittsbl@umich.edu,C0g2OccWXg
419,Barrie,Stean,bsteanbm@bloglovin.com,pbEqcGrNkV5
420,Tod,De Mitri,tdemitribn@si.edu,1Jl3D1N
421,Bendicty,Bramich,bbramichbo@economist.com,KDGVKP6P
422,Cobbie,Imore,cimorebp@histats.com,vCeGEccTX
423,Adrea,Bristow,abristowbq@apache.org,Qc21qS
424,Wolf,Probin,wprobinbr@oakley.com,bxEVIi
425,Jana,Halvorsen,jhalvorsenbs@reverbnation.com,cgLE8O
426,Patrizio,Holah,pholahbt@twitpic.com,VhQ7jAuojNP
427,Brynna,Varey,bvareybu@eventbrite.com,7oe8Xun1m
428,Marven,Peregrine,mperegrinebv@ow.ly,1yHDrwdk
429,Cullie,Twitchett,ctwitchettbw@sphinn.com,FDXRTODLBr0
430,Nadean,Milnthorpe,nmilnthorpebx@wp.com,AXoJsfJONH
431,Herold,Milam,hmilamby@cbsnews.com,yZNaIMXlMgz
432,Skelly,Ginie,sginiebz@networksolutions.com,Thz33EBvk
433,Raven,Garratt,rgarrattc0@columbia.edu,jdP1GgFC94wd
434,Jeromy,Astling,jastlingc1@bloglovin.com,1dymt3DiKq
435,Amalle,Frizell,afrizellc2@ted.com,V0dAIm8KXZLE
436,Antonina,Slidders,asliddersc3@angelfire.com,n4ErD5
437,Lark,Blissett,lblissettc4@topsy.com,BK60mFsz
438,Olympie,Shanley,oshanleyc5@quantcast.com,wKni3wE
439,Ilaire,Heardman,iheardmanc6@i2i.jp,blZLtYmH8
440,Flora,Isakovitch,fisakovitchc7@buzzfeed.com,54d8LCsONDGg
441,Fernande,Foucar,ffoucarc8@patch.com,zOCotl4u
442,Norma,Westrip,nwestripc9@goodreads.com,daN5HooQB
443,Kippy,Richardson,krichardsonca@msn.com,EZ7wDEJ
444,Rubi,Beaument,rbeaumentcb@list-manage.com,PoV0PcZDpA6g
445,Paton,Everton,pevertoncc@cnbc.com,yEGJN9DDJU
446,Corabel,Kyberd,ckyberdcd@cbc.ca,WxZFeSc
447,Jenny,Nizet,jnizetce@oracle.com,u8wRw0t
448,Nikolos,Tregensoe,ntregensoecf@barnesandnoble.com,CUwsCwk
449,Aeriela,Deeprose,adeeprosecg@ehow.com,zCCRcZ7D
450,Peyton,Hawse,phawsech@parallels.com,rr3dkYSvSVfX
451,Heidie,Nunnerley,hnunnerleyci@smh.com.au,9MOZlttP0FPv
452,Tristan,Izard,tizardcj@mayoclinic.com,Y9B9JFv
453,Anna-diana,Pinch,apinchck@woothemes.com,thZMjcQAnW
454,Bert,Archbald,barchbaldcl@mysql.com,1gxkwSSBROi
455,Bruis,Cleen,bcleencm@linkedin.com,9vJdnqblt
456,Inigo,Loffhead,iloffheadcn@blogs.com,V2nDyh8
457,Richie,Mingaye,rmingayeco@blog.com,Mzvn7cXhkwFX
458,Isacco,Shaul,ishaulcp@facebook.com,1zfJ2haykz
459,Huntington,Armfirld,harmfirldcq@yahoo.com,NNbXSrBg3
460,Welby,Toothill,wtoothillcr@istockphoto.com,YNtKN3
461,Pandora,Grishukov,pgrishukovcs@home.pl,fmUNeFjYvAv
462,Vannie,Hobben,vhobbenct@ca.gov,35yIXi
463,Art,MacCrachen,amaccrachencu@aol.com,QXbnZleT
464,Randene,Dottrell,rdottrellcv@google.com.br,4yu0OVCyxQ9
465,Donella,Idwal Evans,didwalevanscw@irs.gov,4pHgtbOWi
466,Ruggiero,Jeffcock,rjeffcockcx@icq.com,XV4h7guP9n
467,Sam,Bortoletti,sbortoletticy@statcounter.com,E2Oy8U2rIv
468,Ronnica,Speechly,rspeechlycz@aol.com,aMmDSTg
469,Mame,Godmar,mgodmard0@4shared.com,xaqYcUM
470,Ambrosi,Jamot,ajamotd1@blogs.com,sKvdPJyCsbl
471,Luce,Brazer,lbrazerd2@studiopress.com,Dc9HXZ6I
472,Griswold,Duffy,gduffyd3@unblog.fr,vC3ZRn
473,Kial,Christol,kchristold4@answers.com,IMSuz89MyJgg
474,Goddard,Beidebeke,gbeidebeked5@t.co,SvBsXC
475,Terri,Guiett,tguiettd6@pagesperso-orange.fr,gLepvo
476,Elena,Insall,einsalld7@huffingtonpost.com,ZZxISLoZgOr
477,Jada,Logsdail,jlogsdaild8@merriam-webster.com,3bel8bnW9
478,Remy,Cescon,rcescond9@quantcast.com,W8WEBM0ipwA
479,Matthieu,Chaffen,mchaffenda@stumbleupon.com,QLn0ma
480,David,Khoter,dkhoterdb@hugedomains.com,jFKh8SXi61Rb
481,Alie,Janton,ajantondc@51.la,SAaOHsiRpPn
482,Alexandre,Cashin,acashindd@phoca.cz,HPrA14KZO2of
483,Loreen,Macewan,lmacewande@plala.or.jp,k3KR0nc8
484,Loraine,Chasson,lchassondf@loc.gov,3oFWFio
485,Briana,Gooders,bgoodersdg@wufoo.com,73oLAC
486,Gabbi,Lubbock,glubbockdh@zdnet.com,VBJmVVE
487,Conway,Bodell,cbodelldi@toplist.cz,ChWbscaAll
488,Dora,Janos,djanosdj@i2i.jp,1F5lD4
489,Caye,Matskevich,cmatskevichdk@youku.com,WEM1rbshoA6
490,Chelsie,Grinham,cgrinhamdl@intel.com,xLdGL4A
491,Jordana,Whitticks,jwhitticksdm@newyorker.com,2esrxJMmwf
492,Traci,Menloe,tmenloedn@xinhuanet.com,BEWAiyjpPop
493,Jenine,Spriggs,jspriggsdo@yale.edu,jPNAhh1
494,Duffie,Da Costa,ddacostadp@paypal.com,YdDvrlzAuGQg
495,Paolo,Betz,pbetzdq@marketwatch.com,iAInveyiPs
496,Cort,Nairn,cnairndr@dyndns.org,E49FCcN1DEe
497,Tulley,Hegg,theggds@stumbleupon.com,eR3zpH5
498,Trix,Sealy,tsealydt@tripadvisor.com,xhewzrHN6
499,Raoul,Eslemont,reslemontdu@drupal.org,kbDH9yp79wZ8
500,Cece,Kunkler,ckunklerdv@theglobeandmail.com,eZiiFxCYk4J
501,Tiffy,Colls,tcollsdw@hhs.gov,3RkPWL2hyWCm
502,Gypsy,Walshe,gwalshedx@histats.com,ULzKHoqJKR
503,Hedi,Arntzen,harntzendy@hp.com,7zCIQA
504,Pen,Totman,ptotmandz@google.pl,kFstqldLWM
505,Hermione,Mollen,hmollene0@cbsnews.com,70p9a5
506,Arv,Cawdell,acawdelle1@posterous.com,0rxpA5nQNH
507,Chicky,Kurtis,ckurtise2@newsvine.com,MqL6AA3IXTu
508,Stacy,Hackforth,shackforthe3@ifeng.com,p0SK9NY5
509,Dacey,Wyant,dwyante4@bloomberg.com,FqVEiOaZPBG
510,Francisca,McCaughey,fmccaugheye5@unblog.fr,6HiCKIZlNvKl
511,Viv,Wife,vwifee6@cocolog-nifty.com,ebjtxh
512,Teriann,Adaway,tadawaye7@mlb.com,QACeLCXL
513,Hamid,Handaside,hhandasidee8@yelp.com,qW0Rpu4
514,Davie,Josham,djoshame9@free.fr,6Lt8JhcA
515,Cy,Paling,cpalingea@homestead.com,z39nQSXi
516,Lizette,Broadis,lbroadiseb@issuu.com,iUuVq4ft
517,Doralia,Mitrovic,dmitrovicec@gravatar.com,YUbITf
518,Amery,Durnford,adurnforded@rediff.com,Kp5NuGEAvFn
519,Harmonie,Sambiedge,hsambiedgeee@cocolog-nifty.com,FjSfeJA5
520,Gabbi,Geard,ggeardef@feedburner.com,wChO0Z4S1s
521,Jennilee,Alabastar,jalabastareg@booking.com,0YjflYXu7VYJ
522,Bent,Hearty,bheartyeh@state.gov,iewIJ5UVE6
523,Jessie,Jakeway,jjakewayei@auda.org.au,iEG7Zv
524,Aloysia,Roblin,aroblinej@yandex.ru,Zv1eG4kmDJ
525,Dolly,Hadny,dhadnyek@cocolog-nifty.com,nPpeoPpU
526,Jammie,McRamsey,jmcramseyel@foxnews.com,2T3XJFD
527,Kikelia,Mastrantone,kmastrantoneem@uol.com.br,4WLEC74rpAuz
528,Sydney,Pegrum,spegrumen@shareasale.com,zX0XhBtmaT
529,Eveleen,Bolton,eboltoneo@apache.org,q2o4uke1
530,Lorettalorna,Minerdo,lminerdoep@smugmug.com,1A8tGaOXwtL
531,Tades,Troup,ttroupeq@hud.gov,dgiHK5hK
532,Kip,Bernardin,kbernardiner@zimbio.com,9SR0WL7OFofg
533,Christoffer,Pensom,cpensomes@rakuten.co.jp,huMdBLQ
534,Gabey,Beatens,gbeatenset@blogtalkradio.com,k8fZTAT4ch
535,Moses,Hewes,mheweseu@eepurl.com,DLUpCq23iLe6
536,Giulia,Van den Velde,gvandenveldeev@blog.com,d4HIjTNysDbg
537,Eda,Dalinder,edalinderew@china.com.cn,2jyVWNdCFd
538,Herc,Zorzetti,hzorzettiex@google.co.uk,XDNKd8nqGY9
539,Frasquito,Camerana,fcameranaey@bbc.co.uk,TmY69Gv
540,Rabbi,Scranny,rscrannyez@wordpress.com,8Q7GJ8F
541,Goldarina,Blaxeland,gblaxelandf0@tuttocitta.it,deLEIcR
542,Sonya,Dudmesh,sdudmeshf1@cargocollective.com,yKAQpMfn1YI
543,Fayette,Physick,fphysickf2@hexun.com,w43HTzohJe
544,Lavinia,Kirvin,lkirvinf3@umich.edu,Icv42x
545,Hugibert,MacEntee,hmacenteef4@bloglines.com,JrzxJWricU
546,Teirtza,Delepine,tdelepinef5@discovery.com,BKn5nuK18g
547,Angelia,Hicken,ahickenf6@theglobeandmail.com,dqBK0cQ0jxV
548,Myrvyn,Syers,msyersf7@bandcamp.com,yaCIYtWrMmtk
549,Adore,Every,aeveryf8@naver.com,7sPQ8CjHivB
550,Florian,Temblett,ftemblettf9@wix.com,pnFEXbx9b
551,Maribel,Tillard,mtillardfa@icq.com,8KLGNJDExQc
552,Killian,Lishman,klishmanfb@dyndns.org,T63FUhxNT
553,Godwin,Matusson,gmatussonfc@about.me,juJn9VxSv
554,Yale,Bignal,ybignalfd@goodreads.com,jHoTvifjGYm
555,Garvy,Merrgan,gmerrganfe@alexa.com,C15cIH0
556,Kendre,Trolley,ktrolleyff@google.co.jp,tDniezAP
557,Marcelline,Halegarth,mhalegarthfg@discuz.net,lJEXND
558,Jens,Damant,jdamantfh@boston.com,WWTCI2Tci
559,Tish,Seawright,tseawrightfi@surveymonkey.com,1OoX9sueD
560,Rockwell,Ryrie,rryriefj@goodreads.com,zBjRTsrcUL
561,Beryl,Siggin,bsigginfk@gnu.org,Sc6wlO
562,Worthington,McLukie,wmclukiefl@drupal.org,bTTHg5
563,Darda,Luckcuck,dluckcuckfm@linkedin.com,KFJS0Ss
564,Ailbert,Wilkison,awilkisonfn@indiegogo.com,hx1ccnRyKIj
565,Gideon,Considine,gconsidinefo@salon.com,WpxHhLvHlL8
566,Franz,Groll,fgrollfp@taobao.com,rKqWiA
567,Ree,Oldall,roldallfq@g.co,jJJZuea
568,Kevon,Whittle,kwhittlefr@de.vu,7CFNoIvT2irD
569,Valentine,Wyllcock,vwyllcockfs@ucsd.edu,ILSdyERe
570,Kamillah,Durand,kdurandft@mlb.com,1rK6BUTu
571,Garvey,Strotton,gstrottonfu@blogspot.com,VUtaEVx
572,Juliann,Tomankowski,jtomankowskifv@netlog.com,6daAD6QP2fZo
573,Jasmina,Mersh,jmershfw@washingtonpost.com,DmVsal16WW
574,Burr,Kelledy,bkelledyfx@fema.gov,NsYqohN7XP
575,Ruttger,Crouch,rcrouchfy@telegraph.co.uk,MxkbAr
576,Irwin,Caccavale,icaccavalefz@smugmug.com,7whzZdb
577,Yetty,Cronshaw,ycronshawg0@nationalgeographic.com,TCkX3fb9g
578,Onida,Fortescue,ofortescueg1@vkontakte.ru,CZJ8Rokr7I
579,Helyn,Wynn,hwynng2@indiatimes.com,SYEIUkE
580,Collie,Felstead,cfelsteadg3@yolasite.com,kw5kl3HnIp
581,Bernice,Longmuir,blongmuirg4@ameblo.jp,gRRl00rmX
582,Lay,Scocroft,lscocroftg5@yandex.ru,pGKKq3d
583,Kiley,Cawkill,kcawkillg6@google.co.jp,BgFp7ZhZjpA
584,Paco,Charrington,pcharringtong7@va.gov,xhg5bHB
585,Marshall,Crichmer,mcrichmerg8@typepad.com,P80Rrb
586,Pearla,Presidey,ppresideyg9@usnews.com,VXqxOIYPXQx
587,Berne,Whitcombe,bwhitcombega@friendfeed.com,p1b1v3KFHm5e
588,Mohandas,Proffitt,mproffittgb@4shared.com,RK01yJuUgGcU
589,Polly,Lidgard,plidgardgc@is.gd,W5pWEi
590,Dareen,Hritzko,dhritzkogd@parallels.com,JNeeMHRFpXq
591,Tandie,aManger,tamangerge@bbc.co.uk,dHqjHuqxCRH
592,Edwina,Beekman,ebeekmangf@purevolume.com,uWWSYd0Q9Sos
593,Kaia,Busek,kbusekgg@mysql.com,AfwSCpMeoz
594,Merle,Pepler,mpeplergh@rambler.ru,D6k2s4LwI5
595,Jennee,De Meis,jdemeisgi@alexa.com,QIDASgdo299
596,Lorrayne,Lympenie,llympeniegj@digg.com,FbzIvTc85weI
597,Giorgio,Peirson,gpeirsongk@parallels.com,68Wu2T
598,Virginia,Melendez,vmelendezgl@is.gd,gkI7xbFlb
599,Netti,De Lisle,ndelislegm@seattletimes.com,4cdXab
600,Elfreda,O'Dowling,eodowlinggn@wix.com,6F5SCYSDu
601,Peter,Starkey,pstarkeygo@amazonaws.com,23Qk9d7L
602,Keriann,Pollicott,kpollicottgp@ameblo.jp,ZJh8dLBl
603,Brandy,Noonan,bnoonangq@slideshare.net,XdAXVT7qzJr
604,Dimitri,Cesco,dcescogr@cpanel.net,97T6bd5N
605,Willy,Laing,wlainggs@hatena.ne.jp,OTOpO5pMX
606,Beverie,Pitrelli,bpitrelligt@slashdot.org,1vteVTlluqu
607,Shaine,Scantlebury,sscantleburygu@exblog.jp,bDCg7Y
608,Una,Pallin,upallingv@scientificamerican.com,eP1Ccy
609,Ravi,Sharvill,rsharvillgw@sitemeter.com,MVvfMdW2E
610,Maura,Hayzer,mhayzergx@uiuc.edu,3BsJXHQ
611,Gerome,O'Doherty,godohertygy@imgur.com,yBJzaWIcO
612,Nanni,Handforth,nhandforthgz@facebook.com,3c8l7hCkag
613,Kiri,Axelby,kaxelbyh0@fda.gov,r9VyxoLhtVGd
614,Sibley,Pressland,spresslandh1@scribd.com,bHgayeFd7dwv
615,Tabbi,Hancke,thanckeh2@columbia.edu,7hKxS2m
616,Chickie,Mandres,cmandresh3@ed.gov,xNZ0NqHKNXuY
617,Rici,Kennerknecht,rkennerknechth4@ow.ly,ieZGtKr3P0p
618,Ruprecht,Fullwood,rfullwoodh5@disqus.com,qovp9Ix
619,Onfroi,Hyland,ohylandh6@reddit.com,c5JteAEeD
620,Gardy,MacIan,gmacianh7@eventbrite.com,s3D8UBg
621,Jandy,Bruyns,jbruynsh8@exblog.jp,Gh8ine
622,Leroi,Glazyer,lglazyerh9@statcounter.com,21HWsvpl
623,Arline,Pointon,apointonha@drupal.org,rXOwhcebZH5
624,Bel,Cabell,bcabellhb@merriam-webster.com,zqemN6kcxszD
625,Henryetta,Burnip,hburniphc@youku.com,w1sHIU
626,Maridel,Malitrott,mmalitrotthd@forbes.com,LHe0lOqHMc
627,Bride,Taffe,btaffehe@salon.com,lgcczhYD1Q
628,Kerk,Kiehne,kkiehnehf@joomla.org,Xls04qlvsZN
629,Alfred,Penburton,apenburtonhg@biblegateway.com,t1kxGEA3
630,Josias,Follitt,jfollitthh@usnews.com,nikq4IIzgmw
631,Phedra,Hillum,phillumhi@devhub.com,yhMcT2fsM
632,Sinclare,Hearl,shearlhj@cnet.com,jb0y1Lt2FcL
633,Fernando,Osgordby,fosgordbyhk@eepurl.com,bEAktvg9
634,Forrester,Shyres,fshyreshl@newyorker.com,2ftRZXOE
635,Indira,Rojahn,irojahnhm@surveymonkey.com,jPdFPyLi
636,Masha,Leopard,mleopardhn@t.co,bfztbrkEUOm
637,Lauren,Fley,lfleyho@1688.com,arBFhrQYbMT
638,Ailey,Klyner,aklynerhp@google.ca,qh4GtgI
639,Simone,Saddler,ssaddlerhq@ibm.com,e9wAzbp00uEs
640,Tansy,Edmand,tedmandhr@ucoz.ru,5uzp8W
641,Dion,McMeyler,dmcmeylerhs@ihg.com,z7pH4KVm4ivi
642,Saree,Tomczynski,stomczynskiht@storify.com,raUfRINBpf
643,Ros,Dailey,rdaileyhu@apple.com,N7ajj5Voig
644,Roxanna,Nurden,rnurdenhv@netscape.com,EXwEokTOX88t
645,Harmonie,Shingfield,hshingfieldhw@1688.com,5dkF8L
646,Ted,Emptage,temptagehx@ow.ly,7Vj69kDAFj
647,Sullivan,Crocker,scrockerhy@bluehost.com,5cYKTV10UNlM
648,Irwinn,Pfleger,ipflegerhz@chron.com,lUg4YAGZd
649,Neddy,O'Roan,noroani0@cornell.edu,lNGDmqvoG7S0
650,Corina,Milton-White,cmiltonwhitei1@archive.org,VfjPGJOJ
651,Jesse,Winsborrow,jwinsborrowi2@gizmodo.com,GXS8vIRCi
652,Sumner,Mapstone,smapstonei3@eepurl.com,9sDXxYEX3WU
653,Malory,Summerell,msummerelli4@liveinternet.ru,4pdsu8sMV
654,Donnell,Birdsall,dbirdsalli5@tamu.edu,sEBUvgN7r4tw
655,Kiel,Pavlitschek,kpavlitscheki6@slashdot.org,ftLNOE
656,Melisandra,Martinat,mmartinati7@mashable.com,MdEtTpp
657,Joseph,Yakobowitch,jyakobowitchi8@theguardian.com,4txn2nJvw
658,Markos,Port,mporti9@so-net.ne.jp,nsrTuN
659,Christabella,Elloit,celloitia@nhs.uk,aPvpwdrooCn0
660,Nicolai,Schwier,nschwierib@seattletimes.com,Fccp6rd7
661,Ardath,Alennikov,aalennikovic@hubpages.com,FUT5pEGfrx7K
662,Terrijo,Officer,tofficerid@sohu.com,EGkYyu
663,Clemmie,Grabeham,cgrabehamie@europa.eu,N5EkGS
664,Montague,Hebson,mhebsonif@google.co.uk,EFBmfiANGoL
665,Latashia,Demsey,ldemseyig@redcross.org,Btu3R0v
666,Cherilynn,McPake,cmcpakeih@weather.com,qTKLJfLZrtH
667,Aimil,Botcherby,abotcherbyii@friendfeed.com,AP4UrSBXbL
668,Baudoin,Kerton,bkertonij@npr.org,KUgAJiD
669,Liliane,Hanburry,lhanburryik@constantcontact.com,ofIoNj6sx
670,Cinda,Erington,ceringtonil@smugmug.com,yAD9gYB
671,Ula,Ballinger,uballingerim@google.ru,0JQpea
672,Patty,Huglin,phuglinin@constantcontact.com,KK2W8bqLNyeM
673,Babita,Corsar,bcorsario@tiny.cc,atMuzXHJwI1
674,Vittorio,Arnowitz,varnowitzip@wordpress.com,WHc4d6vNLxp9
675,Juieta,Cusick,jcusickiq@opera.com,lLnGAYk
676,Lemmie,Redan,lredanir@zimbio.com,CqryCFC8u
677,Darin,Waddicor,dwaddicoris@mapquest.com,5v0jWpIAnti
678,Jeffie,Van,jvanit@cloudflare.com,0TdsOi
679,Abrahan,Kear,akeariu@ft.com,uBEwk9t
680,Selig,Horry,shorryiv@who.int,8tVH4X
681,Coreen,Dunphie,cdunphieiw@blog.com,EVgJC4K
682,Staford,Siviour,ssiviourix@mlb.com,pwz2Lc
683,Burk,Craddock,bcraddockiy@vinaora.com,rRMZ8P
684,Truda,Sholl,tsholliz@stanford.edu,5iiGtG
685,Ailis,Di Francecshi,adifrancecshij0@typepad.com,7aI5EzIYuQD
686,Sean,Wilber,swilberj1@theguardian.com,jLSotc1pZ919
687,Ganny,Cadogan,gcadoganj2@lulu.com,p86jDa
688,Dorree,Brittles,dbrittlesj3@csmonitor.com,IzWHLVMt5mza
689,Claretta,Worvell,cworvellj4@cnn.com,uePLB1dBbPRg
690,Teddy,Lamb,tlambj5@digg.com,XY1scxByov
691,Nichols,Abramin,nabraminj6@vkontakte.ru,yM8EnGOllU
692,Batsheva,McLaughlin,bmclaughlinj7@webnode.com,Kq9d20ZBx3o
693,Jamaal,Beards,jbeardsj8@google.de,pQJhRb
694,Tawnya,Bernardeau,tbernardeauj9@senate.gov,qjhYOZKOtpYX
695,Worthington,Aleevy,waleevyja@t.co,SKB7NXfnk
696,Glynn,Raynard,graynardjb@omniture.com,KcTf9H
697,Patric,Posselwhite,pposselwhitejc@weather.com,y9WQHbpeR
698,Gordie,Geany,ggeanyjd@google.pl,lrm91RA
699,Corinna,Killingsworth,ckillingsworthje@google.com.hk,jancyr
700,Kitty,Whannel,kwhanneljf@bluehost.com,snPA8P
701,Sibelle,McGinney,smcginneyjg@taobao.com,AiIVdc
702,Burke,Leahair,bleahairjh@phpbb.com,59mUDb0Q
703,Craig,Willard,cwillardji@blogtalkradio.com,B0P8wzxFgmq
704,Abraham,Bouchier,abouchierjj@globo.com,merIqeb
705,Cirilo,Frane,cfranejk@discovery.com,g40vhqdE7I
706,Windy,Bakhrushkin,wbakhrushkinjl@miibeian.gov.cn,DNqd0N
707,Dill,Slack,dslackjm@altervista.org,LoB2jS
708,Madelena,Coldman,mcoldmanjn@archive.org,BGUEnNPfo6AQ
709,Arnie,Yearron,ayearronjo@wiley.com,RZUW4tzreU
710,Aurthur,Daykin,adaykinjp@bloglines.com,EqUg7vWs1
711,Vilma,McCotter,vmccotterjq@businesswire.com,Wvg30so
712,Alaric,Doughartie,adoughartiejr@seesaa.net,tSjFhGHwt
713,Sabine,Posvner,sposvnerjs@amazon.de,Gvjt5In
714,Theo,Ewestace,tewestacejt@aboutads.info,Ux2hGn
715,Dasi,Blomfield,dblomfieldju@gnu.org,Bd2uhkVHF
716,Giacobo,Prattington,gprattingtonjv@ft.com,QggzZAZKn
717,Ilsa,Ilden,iildenjw@4shared.com,8LEW063QM
718,Flossi,Darthe,fdarthejx@sun.com,m1gHPKUD
719,Howard,Lait,hlaitjy@reverbnation.com,CMZjymZGijkW
720,Georgena,Wolfendale,gwolfendalejz@ifeng.com,7kZBt1AaFL
721,Aurelea,Scane,ascanek0@unesco.org,rHRTuBKj2Q
722,Jacquelyn,Waiting,jwaitingk1@clickbank.net,4gaapkXM
723,Eba,Rustadge,erustadgek2@macromedia.com,TKsRaIOd9e
724,Anjela,Godar,agodark3@cmu.edu,VBUmmAThuzhE
725,Barri,Mainston,bmainstonk4@ameblo.jp,DLfsH5t0A
726,Percival,Patten,ppattenk5@newyorker.com,Dw3EAWc46
727,Murry,Lober,mloberk6@eventbrite.com,YSgwQl9g2
728,Barrie,O'Hara,boharak7@elegantthemes.com,wGEI6ahr0ibb
729,Dolf,Licas,dlicask8@buzzfeed.com,1nohygzP0xNv
730,Cullie,Insull,cinsullk9@accuweather.com,NzU34vR
731,Gardener,Goodsal,ggoodsalka@live.com,gM3qjHOmXXJ9
732,Corey,Ibbetson,cibbetsonkb@goo.gl,MPnS8Duu1EdM
733,Rudie,Pidgen,rpidgenkc@etsy.com,cQNwV12vC3Q
734,Laurens,Hylden,lhyldenkd@biblegateway.com,3b7DJvLeG
735,Arden,Smewing,asmewingke@bloglines.com,WFTeMfvKCh21
736,Udall,Crathern,ucrathernkf@va.gov,RDrT67
737,Guinevere,Wimlet,gwimletkg@scribd.com,eDlJUfMJ
738,Trish,Spieck,tspieckkh@alexa.com,TTajsr54nG
739,Joby,Ewols,jewolski@pen.io,qHXERQwYBZcW
740,Faythe,Frier,ffrierkj@answers.com,EWBN4k
741,Harbert,Mazdon,hmazdonkk@ihg.com,rCqIi4kg4
742,Cordie,Zini,czinikl@liveinternet.ru,8keZNRTqNgS
743,Bobbie,Stuer,bstuerkm@home.pl,5BVrdNU1cA0
744,Abel,Kaes,akaeskn@trellian.com,2ijBJ8VoEm
745,Rodney,Drivers,rdriversko@feedburner.com,LSO9c7GP
746,Dix,Diack,ddiackkp@nyu.edu,Ja93FRwI
747,Sari,Dussy,sdussykq@creativecommons.org,IHTYUy
748,Torrey,Pear,tpearkr@ft.com,psDu4lt
749,Ninetta,Townend,ntownendks@list-manage.com,41HU9LvTUlVG
750,Joyce,Kewzick,jkewzickkt@reference.com,LTlr7FkbD
751,Lynea,Oene,loeneku@digg.com,iLmk2EnS2V
752,Lyssa,Royl,lroylkv@dropbox.com,U5I5Ulx
753,Lynette,McGrady,lmcgradykw@tinyurl.com,wIO0p2DV
754,Myrta,Canning,mcanningkx@cafepress.com,8pIIG5Bxskkl
755,Peta,Jacques,pjacquesky@myspace.com,docylJM
756,Ramsey,MacElharge,rmacelhargekz@cnbc.com,n9KLwghplN7
757,Claire,Francesconi,cfrancesconil0@google.de,8VOOxDoW7U4
758,Hayes,Clemente,hclementel1@ycombinator.com,FbqUsRKt
759,Jeth,Banham,jbanhaml2@nih.gov,uLsK7vbPY8P5
760,Clemmy,Woolis,cwoolisl3@jimdo.com,9rVy3WGQ7k
761,Powell,Gorsse,pgorssel4@mapy.cz,2XhD6zN5Ja
762,Noe,Wickendon,nwickendonl5@slideshare.net,2zhtc5aBiG
763,Booth,Goodbarr,bgoodbarrl6@mail.ru,Ya92dbWp
764,Nelli,Arnaut,narnautl7@netlog.com,BojIMKB
765,Delainey,Ridett,dridettl8@ebay.com,REu7P4yd
766,Orelle,Poynser,opoynserl9@dedecms.com,bYhjEsCz
767,Willamina,Pedden,wpeddenla@joomla.org,8EibBsbB
768,Talyah,Diter,tditerlb@patch.com,gZV4HJiz
769,Skip,Doget,sdogetlc@google.de,PTldg1
770,Tristan,Abrahamsen,tabrahamsenld@google.com.au,KP3KZ71YHx
771,Auguste,Skeats,askeatsle@mapy.cz,EqIW7pERVjVH
772,Huberto,Morigan,hmoriganlf@cisco.com,In1PNaPl
773,Betsy,Rimes,brimeslg@utexas.edu,XTaE2bucj
774,Charmian,Greenier,cgreenierlh@acquirethisname.com,93PZ73M4FSIT
775,Pedro,Louiset,plouisetli@alibaba.com,zRE7c5
776,Kristoffer,Pritchitt,kpritchittlj@wp.com,64xnd4hyTnb3
777,Bidget,Garken,bgarkenlk@reference.com,JH023r7FXh
778,Prue,Chubb,pchubbll@last.fm,ZGxU69haMP9g
779,Langsdon,Goater,lgoaterlm@google.co.uk,u2aBbXXfn0
780,Nola,Shevels,nshevelsln@yolasite.com,xgV6dOkBM
781,Leonidas,Ravenhills,lravenhillslo@tinyurl.com,4eh5NOgEJgq
782,Othelia,Cridlon,ocridlonlp@drupal.org,5t5xfb
783,Ula,Hazart,uhazartlq@smh.com.au,fNfv4Bvr
784,Shandie,Guise,sguiselr@japanpost.jp,4YOJoJEEe
785,Janet,McAreavey,jmcareaveyls@quantcast.com,BIxczPIobMh
786,Hildagard,Cromett,hcromettlt@wp.com,ylHJpr
787,Donielle,Billitteri,dbillitterilu@netvibes.com,a2Iqr5nfE
788,Britteny,Brain,bbrainlv@twitpic.com,YP0qEBeO9CcI
789,Janeczka,Lighten,jlightenlw@sphinn.com,rZm2Tw
790,Vitoria,Kemet,vkemetlx@rediff.com,SypHrmq1sk4
791,Sal,Brewse,sbrewsely@yolasite.com,pWPUJPcE
792,Crysta,Fenner,cfennerlz@topsy.com,b4BapPnY
793,Engelbert,Conn,econnm0@mtv.com,oFFMth
794,Theresa,Steade,tsteadem1@liveinternet.ru,9bocfm
795,Gladys,Cussen,gcussenm2@instagram.com,Fpieb9A
796,Suzanne,Cropton,scroptonm3@t.co,Ozp2DQ7
797,Eleni,Devereu,edevereum4@squarespace.com,8JvJBBI
798,Auria,Willeson,awillesonm5@examiner.com,VFUfeFX
799,Ruthann,Mangenot,rmangenotm6@ibm.com,8eidgI18T4H4
800,Petunia,Filewood,pfilewoodm7@si.edu,YQKwv2J
801,Philippe,Varfolomeev,pvarfolomeevm8@naver.com,cfw2k7yTPw
802,Daron,Dobbyn,ddobbynm9@dropbox.com,fZEBNydIAD
803,Alfred,Doy,adoyma@chronoengine.com,X8iutF8egDcL
804,Rafaelia,McEvay,rmcevaymb@storify.com,478x1Y9X
805,Winni,Merwe,wmerwemc@hexun.com,8vb9kSYWrV9H
806,Jaymee,Robertazzi,jrobertazzimd@altervista.org,xYo3VU
807,Kerrin,Whaplington,kwhaplingtonme@smugmug.com,OROvmrT5jhF5
808,Madelle,Aldine,maldinemf@163.com,KdQWuVOej
809,Bevvy,Lauridsen,blauridsenmg@aboutads.info,u7ZQztl
810,Mikael,Doghartie,mdoghartiemh@dot.gov,SzlQmH
811,Carson,Antonik,cantonikmi@mit.edu,w1D2hyQBBgP
812,Ryan,Langstone,rlangstonemj@addthis.com,jAkvgN7hR
813,Moll,Chaves,mchavesmk@noaa.gov,QI7gpdNCQX
814,Fidel,Sappell,fsappellml@jiathis.com,lbfcCUW
815,Dorene,Hastilow,dhastilowmm@privacy.gov.au,fbauKmdHOG
816,Tomas,Paull,tpaullmn@hugedomains.com,1DPnnhI
817,Nonnah,Skechley,nskechleymo@altervista.org,SYVqlp
818,Odele,Gally,ogallymp@meetup.com,xHBMjRo
819,Doloritas,Sumsion,dsumsionmq@mediafire.com,Lo2FSdHr
820,Shandra,Brockington,sbrockingtonmr@xinhuanet.com,lvAxGvD
821,Masha,Muspratt,mmusprattms@instagram.com,HUjckf8gFj
822,Hugh,Esbrook,hesbrookmt@mediafire.com,Zgc7dVvrUMZ
823,Iosep,Beacock,ibeacockmu@1688.com,g60Oma5oIg
824,Selinda,Godfroy,sgodfroymv@jimdo.com,cjKaNpywvR
825,Horton,Thunnerclef,hthunnerclefmw@geocities.jp,OIPa67Mf
826,Cointon,Stanlike,cstanlikemx@mapy.cz,YAkHXOmu
827,Katrinka,Hover,khovermy@newsvine.com,DD63yml
828,Audie,Kollasch,akollaschmz@alibaba.com,7VxSZMq0yaV
829,Cy,Simkovich,csimkovichn0@cisco.com,Bj5d5eJOfoiN
830,Fairlie,Collyear,fcollyearn1@webs.com,k0sSHyqJfg0M
831,Paco,Cuttles,pcuttlesn2@chron.com,jYX7nZ4cva5
832,Rozella,McElroy,rmcelroyn3@disqus.com,6UWpTcTHh
833,Dall,Attenborrow,dattenborrown4@ucoz.com,0MQbWRj2yi
834,Elisabet,Le Quesne,elequesnen5@cdbaby.com,KdtQ8TCWPvY
835,Karine,Grover,kgrovern6@microsoft.com,2Iexa4Cia
836,Chickie,Lord,clordn7@jigsy.com,TXb0GB
837,Temp,Tinmouth,ttinmouthn8@latimes.com,FPP0gez
838,Glenn,Gantzman,ggantzmann9@mozilla.org,XIAZz0
839,Bernetta,Wickie,bwickiena@phpbb.com,T2rRMZMleqSW
840,Zed,McComas,zmccomasnb@amazon.de,ImKyL8X
841,Dacia,Pedden,dpeddennc@gizmodo.com,vibChIr0SQS
842,Tonye,Yakushkev,tyakushkevnd@shareasale.com,PIQg5VNjZmP
843,Millard,Llywarch,mllywarchne@dyndns.org,bRlPd1Sx
844,Garek,McKague,gmckaguenf@google.pl,HONQbKE9MDe
845,Corby,Rany,cranyng@youtube.com,tPsr9CwA
846,Loren,Provis,lprovisnh@google.nl,gSPujL51C27C
847,Sheppard,Biggs,sbiggsni@mtv.com,puavcZ
848,King,Seakes,kseakesnj@yellowpages.com,95jpqeJK6K
849,Henrie,Haselwood,hhaselwoodnk@wp.com,FwKWFK
850,Karlene,Howison,khowisonnl@mit.edu,QLhOhTxaFK0G
851,Nicol,Joron,njoronnm@jalbum.net,K9HxGF3OGJ
852,Shawn,Boler,sbolernn@salon.com,cvjU6Y9JQ
853,Vito,Blondin,vblondinno@indiegogo.com,VjscdJjq
854,Mollee,Dorset,mdorsetnp@printfriendly.com,VqdDcxz0B
855,Gale,Plett,gplettnq@skyrock.com,BHB4Vv
856,Ceciley,Eidelman,ceidelmannr@ask.com,zLvqAWAvd
857,Hector,Jeandot,hjeandotns@chronoengine.com,fxPBFIu
858,Elinore,Caswall,ecaswallnt@microsoft.com,fs09Y8X17sI
859,Caren,Laboune,clabounenu@fotki.com,BLPHav
860,Margy,D'orsay,mdorsaynv@php.net,wpCQjVNufDLD
861,Zebedee,Backhurst,zbackhurstnw@ihg.com,7rpCFbdzSs6
862,Erik,Wimms,ewimmsnx@fotki.com,1HpcFLmlP
863,Erasmus,Dancey,edanceyny@stanford.edu,eYKjnFB218Qb
864,Beaufort,Goeff,bgoeffnz@apache.org,d3Y1qGC
865,Francis,Beaten,fbeateno0@jiathis.com,ExO0nd2
866,Cleopatra,Smissen,csmisseno1@a8.net,t3zJ6ex8pSc7
867,Mari,Esplin,mesplino2@zdnet.com,bbJMaor1
868,Udall,Blaxeland,ublaxelando3@people.com.cn,Mml5b3csd
869,Lissie,Andryushin,landryushino4@cmu.edu,di9S8E27Fm
870,Giavani,Stoak,gstoako5@discuz.net,SYu4la3B
871,Barnett,Abels,babelso6@dailymotion.com,bt9FV73i4lL
872,Livia,Wyss,lwysso7@cam.ac.uk,1jq4oGX
873,Siffre,Gynn,sgynno8@cocolog-nifty.com,PBMQHHv
874,Padriac,Anstee,pansteeo9@cornell.edu,pG2TrzI
875,Shurwood,Margarson,smargarsonoa@dedecms.com,E9COnODq
876,Annecorinne,Suarez,asuarezob@163.com,2Y3TPLuG
877,Cirilo,Klossek,cklossekoc@rediff.com,g6rehmSTAkF
878,Addison,Handling,ahandlingod@google.pl,du4aaZvSnT
879,Merle,Bambridge,mbambridgeoe@patch.com,eTx8nk004W1H
880,Janean,Dumingo,jdumingoof@unicef.org,XWi628g
881,Brent,O'Sharkey,bosharkeyog@dell.com,zUVZ4s
882,Coletta,Hadlee,chadleeoh@nih.gov,N3f5x8pNNTfz
883,Bidget,Crosskell,bcrosskelloi@infoseek.co.jp,QR0eTg
884,Jerrilyn,Enderson,jendersonoj@rediff.com,25tXEEw1Mo8Q
885,Nadine,Westcott,nwestcottok@home.pl,8vuzu38
886,Turner,Lithcow,tlithcowol@mapy.cz,MrAD9B7vkm
887,Carly,Tumayan,ctumayanom@skyrock.com,GIMI3UTzDa
888,Caroline,Outhwaite,couthwaiteon@merriam-webster.com,CwoKVOZSrNl
889,Torrie,Tapp,ttappoo@mapquest.com,0F0nh43ek
890,Hazel,Issard,hissardop@sakura.ne.jp,slxqyHIX
891,Kathryn,Kuscha,kkuschaoq@bandcamp.com,mZYRpV8
892,Leesa,Keast,lkeastor@miibeian.gov.cn,4aJdy0P
893,Tann,Calafate,tcalafateos@barnesandnoble.com,udLB8cQFT
894,Kaylee,Wharf,kwharfot@vimeo.com,Yu26SoT
895,Enoch,Ravens,eravensou@hugedomains.com,4Rv9jv77mx
896,Shana,Eastment,seastmentov@dagondesign.com,Gq4A01zICbgb
897,Bram,Bree,bbreeow@cnbc.com,qKQwvaupA
898,Harley,Grono,hgronoox@samsung.com,UklYDBZ9HD
899,Meredithe,Glenwright,mglenwrightoy@flickr.com,8a4EOJ4227
900,Codi,Bassick,cbassickoz@dailymail.co.uk,YzWNPR
901,Izabel,Denes,idenesp0@digg.com,OifgBiPbG
902,Wilmer,Feirn,wfeirnp1@microsoft.com,92puW89aL74
903,Nikos,Eburah,neburahp2@yandex.ru,c77qETI
904,Marybeth,Wyant,mwyantp3@cbc.ca,ULTUz13sB
905,Saundra,Bichener,sbichenerp4@nymag.com,mmC9Js1Xm
906,Annabela,Winser,awinserp5@microsoft.com,KGChAX
907,Lindsay,Knuckles,lknucklesp6@mayoclinic.com,ta61I9
908,Angeline,Tours,atoursp7@google.pl,BtK3lHRpT
909,Cassey,Djordjevic,cdjordjevicp8@1und1.de,WZPYxAyY
910,Petronilla,Ashforth,pashforthp9@amazon.com,7tYQzd2v
911,Gibbie,Beake,gbeakepa@ovh.net,2iaEJZSM
912,Melli,Skade,mskadepb@craigslist.org,0tOXEWBNcaC
913,Lenore,Shutle,lshutlepc@wp.com,jhUKrTzqOqo
914,Elsbeth,Sommer,esommerpd@usatoday.com,OWaZPlGxBz
915,Nata,Twelvetree,ntwelvetreepe@parallels.com,4XHHyBdOO
916,Margeaux,Dosdell,mdosdellpf@wsj.com,pJXgvGM8x8
917,Evin,Winpenny,ewinpennypg@hhs.gov,YFnVy9
918,Willem,Zollner,wzollnerph@umn.edu,EKQpMVW9VraO
919,Kin,MacAvddy,kmacavddypi@lycos.com,g3qRtucT
920,Barry,Downgate,bdowngatepj@skyrock.com,HptcejncwyrJ
921,Talya,Heskin,theskinpk@wikimedia.org,VZlL1Wg
922,Leeland,Karlqvist,lkarlqvistpl@umich.edu,lrhqxg6Cw
923,Rivy,Derks,rderkspm@smugmug.com,j9lluCFNNnM
924,Gayelord,Docwra,gdocwrapn@unc.edu,E5oxBXP0LT
925,Brander,Autry,bautrypo@ezinearticles.com,V5pTEmu
926,Nanette,Skeels,nskeelspp@virginia.edu,lzJVUHuJ4
927,Uriel,Cherry,ucherrypq@irs.gov,bFH6Ox7k
928,Rudolph,Shillam,rshillampr@dedecms.com,N0kk5uJF0sIk
929,Gabriellia,Carwithan,gcarwithanps@weather.com,dnB0xG3PRI
930,Creighton,Deval,cdevalpt@ihg.com,TUgw8wEZ
931,Jennee,Rawcliff,jrawcliffpu@xing.com,FhhonV6ZY3
932,Broddie,Gilfoy,bgilfoypv@cdbaby.com,TpAyTZzCv9I
933,Alicea,Mathelin,amathelinpw@examiner.com,UjRyAx
934,Waneta,Youthed,wyouthedpx@miibeian.gov.cn,TEXj63
935,Aliza,Wahlberg,awahlbergpy@oracle.com,1YE9eL
936,Lyndel,Hartgill,lhartgillpz@disqus.com,9BCvluH
937,Dilly,Thorius,dthoriusq0@howstuffworks.com,eqmlXVe
938,Luisa,Hewkin,lhewkinq1@cyberchimps.com,e4ZZdi
939,Flss,Diehn,fdiehnq2@nymag.com,3ivnKjeMAQ
940,Lynnell,Greenalf,lgreenalfq3@rediff.com,PFVBU8
941,Muire,Saltrese,msaltreseq4@nytimes.com,sBBxBbvtjquv
942,Sadye,Landis,slandisq5@constantcontact.com,3O4hLh
943,Rhody,Ewbach,rewbachq6@google.com,6zKSEl9OU
944,Tracey,Babe,tbabeq7@reuters.com,D3cDheFB
945,Allix,Skone,askoneq8@liveinternet.ru,jZo7V85vpeB
946,Viole,Lindwasser,vlindwasserq9@a8.net,ks5HL1X5k8
947,Hadrian,Lynnitt,hlynnittqa@people.com.cn,EhdDlZj
948,Elyn,Mordacai,emordacaiqb@bing.com,MlxKKJ8Sb
949,Cristy,Upton,cuptonqc@senate.gov,GBx5NwwYd1Ku
950,Olivie,Ludgrove,oludgroveqd@xrea.com,O3tJOILBcE
951,Evvie,Dyzart,edyzartqe@mediafire.com,q4eBMq1z
952,Jeanna,Wooddisse,jwooddisseqf@jugem.jp,Eg5ETW
953,Elfie,Ateridge,eateridgeqg@blogspot.com,lWtb05Yf8f
954,Celka,Ferebee,cferebeeqh@skype.com,SsTiu6KHK
955,Karena,Martel,kmartelqi@meetup.com,LumxBuL
956,Moise,Scarce,mscarceqj@cyberchimps.com,8Qk2Dm
957,Ilyssa,Tattersdill,itattersdillqk@wikimedia.org,03zUpATwvm
958,Kelly,Bussons,kbussonsql@earthlink.net,QRjD6lyprO
959,Markos,Brands,mbrandsqm@loc.gov,ZXsPPMO5UG
960,Doy,O'Donegan,dodoneganqn@nifty.com,8ctsJ0xM
961,Mathew,Pauer,mpauerqo@zdnet.com,I2Y9BOx73
962,Augustin,Ninotti,aninottiqp@i2i.jp,z9jTDYFXr
963,Kath,Churcher,kchurcherqq@marketwatch.com,9rTJzd7sL
964,Shandy,Prendeguest,sprendeguestqr@icio.us,kHCoakt
965,Oates,Tofful,otoffulqs@theglobeandmail.com,WQC3Tz
966,Reece,Lydon,rlydonqt@360.cn,W0dkisjL
967,Aubine,Minors,aminorsqu@godaddy.com,aMK6TH8T
968,Michaella,Edmonston,medmonstonqv@archive.org,oqDPd7JB8jZI
969,Corrianne,Boak,cboakqw@liveinternet.ru,nKnRd7JzNig
970,Stephani,Collyear,scollyearqx@reddit.com,VTHYKNTLtzNh
971,Beck,Whaley,bwhaleyqy@apple.com,W3KSip
972,Luelle,McBrier,lmcbrierqz@who.int,dxB0t7UzUZcw
973,Joyous,Artingstall,jartingstallr0@wunderground.com,GlTxzdNz
974,Maureen,Trebilcock,mtrebilcockr1@twitter.com,KSOzR1lTZWNS
975,Wolfgang,Ringsell,wringsellr2@berkeley.edu,qfMzWJw
976,Yorke,Ricci,yriccir3@phpbb.com,Epl8vgXm9z
977,Almira,Soldan,asoldanr4@histats.com,pZHu9k4F
978,Grayce,Hurn,ghurnr5@over-blog.com,JEJbvCily
979,Nappie,Heitz,nheitzr6@google.ru,EoIK6Txh7Be
980,Jessamine,Howison,jhowisonr7@gov.uk,qteTqK6Hh
981,Wynn,Rivalant,wrivalantr8@booking.com,FIHaVrrTxO
982,Bald,Liversage,bliversager9@mozilla.com,31gpEPquqy
983,Lyndsey,Beden,lbedenra@yellowbook.com,CD90TEYszy8e
984,Phip,Appleton,pappletonrb@cdc.gov,SNLxvnUfkb
985,Penrod,Bartot,pbartotrc@examiner.com,UkTDvE
986,Sloane,Fernier,sfernierrd@linkedin.com,lk9TSqlAj
987,Sissy,Cocklin,scocklinre@deviantart.com,1pYmkhoEqln
988,Linell,McCheyne,lmccheynerf@addthis.com,VBhOO30pE9xB
989,Mathian,Bance,mbancerg@ca.gov,Wmz4DxjoFU
990,Bernardina,Burnsell,bburnsellrh@utexas.edu,Ha8hL3iiN
991,Andreana,Shoveller,ashovellerri@linkedin.com,Tn9RQ1N
992,Ahmad,Cantopher,acantopherrj@nifty.com,vZOjAt
993,Marchall,Crasswell,mcrasswellrk@mtv.com,bDStMcQ5
994,Gwennie,Teale,gtealerl@purevolume.com,nSo2pBuqV
995,Stacy,Woolard,swoolardrm@mapy.cz,m3uArW7Qo
996,Zahara,Bogaert,zbogaertrn@themeforest.net,ZIioOL0t
997,Claresta,Found,cfoundro@homestead.com,qy6H5RXUL
998,Rani,Coughan,rcoughanrp@myspace.com,ySVo83pHnl
999,Morten,Bazoche,mbazocherq@mediafire.com,vXSV0C
1000,Garth,Tomaszewicz,gtomaszewiczrr@irs.gov,hcMKsTJhSG
